{"0": {"\u0421\u0443\u044f\u0440\u0433\u0443\u043b\u043e\u0432\u0430 \u0413.\u0417.": {"0": [["11\u0432", 1], ["11\u0432", 2], ["10\u0430", 3], ["10\u0430", 4], ["8\u0432", 5], ["8\u0432", 6], [null, 7], [null, 8]], "1": [["6\u0430", 1], ["6\u0430", 2], ["6\u0432", 3], ["6\u0432", 4], ["8\u0432", 5], ["8\u0432", 6], [null, 7], [null, 8]], "2": [["10\u0432", 1], ["10\u0432", 2], ["11\u0430", 3], ["11\u0430", 4], [null, 5], [null, 6], [null, 7], [null, 8]], "3": [["11\u0432", 1], ["11\u0432", 2], ["6\u0430", 3], ["6\u0430", 4], ["6\u0432", 5], ["6\u0432", 6], [null, 7], [null, 8]], "4": [[null, 1], [null, 2], [null, 3], [null, 4], [null, 5], [null, 6], [null, 7], [null, 8]]}, "\u0411\u0430\u0442\u0430\u043b\u043b\u043e\u0432\u0430 \u041b.\u041c.": {"0": [["7\u0432", 1], ["7\u0432", 2], ["9\u0432", 3], ["9\u0432", 4], [null, 5], [null, 6], ["9\u0430", 7], [null, 8]], "1": [[null, 1], [null, 2], ["6\u0432", 3], ["6\u0432", 4], ["9\u0430", 5], ["9\u0430", 6], [null, 7], [null, 8]], "2": [[null, 1], [null, 2], ["8\u0430", 3], ["8\u0430", 4], ["7\u0441", 5], ["7\u0441", 6], [null, 7], [null, 8]], "3": [["7\u0430", 1], ["7\u0430", 2], ["8\u0430", 3], ["8\u0430", 4], ["6\u0432", 5], ["6\u0432", 6], [null, 7], [null, 8]], "4": [["7\u0430", 1], ["7\u0430", 2], [null, 3], [null, 4], [null, 5], [null, 6], [null, 7], [null, 8]]}, "\u0413\u0430\u043b\u0435\u0435\u0432\u0430 \u041d.\u0420.": {"0": [["7\u0432", 1], ["7\u0432", 2], ["9\u0432", 3], ["9\u0432", 4], ["9\u0430", 5], ["9\u0430", 6], [null, 7], [null, 8]], "1": [["6\u0430", 1], ["6\u0430", 2], [null, 3], [null, 4], ["9\u0430", 5], ["9\u0430", 6], [null, 7], [null, 8]], "2": [["10\u0432", 1], ["10\u0432", 2], ["8\u0430", 3], ["8\u0430", 4], ["11\u0430", 5], ["11\u0430", 6], [null, 7], [null, 8]], "3": [["7\u0430", 1], ["7\u0430", 2], ["6\u0430", 3], ["6\u0430", 4], ["8\u0430", 5], ["8\u0430", 6], [null, 7], ["7\u0435", 8]], "4": [[null, 1], [null, 2], ["7\u0432", 3], ["7\u0432", 4], ["11\u0430", 5], ["11\u0430", 6], [null, 7], [null, 8]]}, "\u041a\u0430\u0438\u043f\u043e\u0432 \u0418. \u0418.": {"0": [[null, 1], [null, 2], [null, 3], [null, 4], ["8\u0432", 5], ["8\u0432", 6], [null, 7], [null, 8]], "1": [["8\u0432", 1], ["8\u0432", 2], ["11\u0432", 3], ["11\u0432", 4], [null, 5], [null, 6], [null, 7], [null, 8]], "2": [["10\u0430", 1], ["10\u0430", 2], [null, 3], [null, 4], ["7\u0441", 5], ["7\u0441", 6], ["11\u0432", 7], [null, 8]], "3": [[null, 1], [null, 2], [null, 3], [null, 4], [null, 5], [null, 6], [null, 7], [null, 8]], "4": [[null, 1], [null, 2], [null, 3], [null, 4], [null, 5], [null, 6], [null, 7], [null, 8]]}, "\u0410\u0441\u043a\u0430\u0440\u043e\u0432\u0430 \u0413.\u041c.": {"0": [["7\u0430", 1], ["7\u0430", 2], ["11\u0430", 3], ["11\u0430", 4], ["11\u0432", 5], ["11\u0432", 6], [null, 7], [null, 8]], "1": [["10\u0432", 1], ["10\u0432", 2], [null, 3], [null, 4], ["8\u0430", 5], ["8\u0430", 6], [null, 7], [null, 8]], "2": [[null, 1], [null, 2], [null, 3], [null, 4], [null, 5], [null, 6], [null, 7], [null, 8]], "3": [["9\u0432", 1], ["9\u0432", 2], ["10\u0432", 3], ["10\u0432", 4], ["10\u0430", 5], ["10\u0430", 6], [null, 7], [null, 8]], "4": [["8\u0430", 1], ["8\u0430", 2], ["8\u0432", 3], ["8\u0432", 4], ["7\u0430", 5], ["7\u0430", 6], [null, 7], [null, 8]]}, "\u0410\u0445\u043c\u0435\u0442\u043e\u0432\u0430 \u0413.\u0410.": {"0": [[null, 1], [null, 2], [null, 3], [null, 4], [null, 5], [null, 6], [null, 7], [null, 8]], "1": [["6\u0432", 1], ["6\u0432", 2], [null, 3], [null, 4], [null, 5], [null, 6], [null, 7], [null, 8]], "2": [[null, 1], [null, 2], ["6\u0430", 3], ["6\u0430", 4], [null, 5], [null, 6], [null, 7], [null, 8]], "3": [[null, 1], [null, 2], ["6\u0432", 3], ["6\u0432", 4], [null, 5], [null, 6], [null, 7], [null, 8]], "4": [["6\u0430", 1], ["6\u0430", 2], ["6\u0432", 3], ["6\u0432", 4], [null, 5], [null, 6], [null, 7], [null, 8]]}, "\u0413\u0443\u0431\u0430\u0439\u0434\u0443\u043b\u043b\u0438\u043d\u0430 \u0420.\u0418.": {"0": [[null, 1], [null, 2], [null, 3], [null, 4], ["7\u0441", 5], ["7\u0441", 6], ["7\u0432", 7], [null, 8]], "1": [["10\u0432", 1], ["10\u0432", 2], ["9\u0430", 3], ["9\u0430", 4], [null, 5], [null, 6], [null, 7], [null, 8]], "2": [["7\u0432", 1], ["7\u0432", 2], ["7\u0441", 3], ["7\u0441", 4], ["9\u0430", 5], ["9\u0430", 6], ["7\u0432", 7], [null, 8]], "3": [["9\u0432", 1], ["9\u0432", 2], ["10\u0432", 3], ["10\u0432", 4], ["10\u0430", 5], ["10\u0430", 6], [null, 7], [null, 8]], "4": [[null, 1], [null, 2], [null, 3], [null, 4], [null, 5], [null, 6], [null, 7], [null, 8]]}, "\u0417\u0430\u0439\u043d\u0435\u0442\u0434\u0438\u043d\u043e\u0432\u0430 \u0417. \u0410.": {"0": [["7\u0430", 1], ["7\u0430", 2], ["11\u0430", 3], ["11\u0430", 4], ["11\u0432", 5], ["11\u0432", 6], ["7\u0432", 7], [null, 8]], "1": [[null, 1], [null, 2], ["9\u0430", 3], ["9\u0430", 4], [null, 5], [null, 6], [null, 7], [null, 8]], "2": [["7\u0432", 1], ["7\u0432", 2], ["6\u0430", 3], ["6\u0430", 4], ["9\u0430", 5], ["9\u0430", 6], ["7\u0432", 7], [null, 8]], "3": [[null, 1], [null, 2], [null, 3], [null, 4], [null, 5], [null, 6], [null, 7], [null, 8]], "4": [["6\u0430", 1], ["6\u0430", 2], ["6\u0432", 3], ["6\u0432", 4], ["7\u0430", 5], ["7\u0430", 6], [null, 7], [null, 8]]}, "\u0422\u0430\u0448\u0431\u0443\u043b\u0430\u0442\u043e\u0432\u0430 \u0413. \u0421.": {"0": [[null, 1], [null, 2], [null, 3], [null, 4], ["7\u0441", 5], ["7\u0441", 6], [null, 7], [null, 8]], "1": [[null, 1], [null, 2], [null, 3], [null, 4], ["8\u0430", 5], ["8\u0430", 6], [null, 7], [null, 8]], "2": [[null, 1], [null, 2], ["7\u0441", 3], ["7\u0441", 4], ["6\u0430", 5], ["6\u0430", 6], [null, 7], [null, 8]], "3": [["6\u0430", 1], ["6\u0430", 2], [null, 3], [null, 4], [null, 5], [null, 6], [null, 7], [null, 8]], "4": [["8\u0430", 1], ["8\u0430", 2], ["8\u0432", 3], ["8\u0432", 4], [null, 5], [null, 6], [null, 7], [null, 8]]}, "\u041a\u043e\u0440\u043e\u0431\u0435\u0439\u043d\u0438\u043a\u043e\u0432\u0430 \u041e. \u0412.": {"0": [["6\u0432", 1], ["6\u0432", 2], ["6\u0430", 3], ["6\u0430", 4], ["7\u0430", 5], ["7\u0430", 6], ["8\u0430", 7], [null, 8]], "1": [["7\u0432", 1], ["7\u0432", 2], ["8\u0430", 3], ["8\u0430", 4], ["7\u0441", 5], ["7\u0441", 6], ["8\u0432", 7], [null, 8]], "2": [["6\u0430", 1], ["6\u0430", 2], ["6\u0432", 3], ["6\u0432", 4], ["7\u0430", 5], ["7\u0430", 6], ["8\u0430", 7], [null, 8]], "3": [["7\u0432", 1], ["7\u0432", 2], ["8\u0432", 3], ["8\u0432", 4], ["7\u0441", 5], ["7\u0441", 6], [null, 7], [null, 8]], "4": [["7\u0432", 1], ["7\u0432", 2], ["8\u0430", 3], ["8\u0430", 4], ["6\u0432", 5], ["6\u0432", 6], ["8\u0432", 7], [null, 8]]}, "\u0425\u0430\u043c\u0438\u0434\u0443\u043b\u043b\u0438\u043d\u0430 \u0417.\u0425.": {"0": [["9\u0432", 1], ["9\u0432", 2], ["9\u0430", 3], ["9\u0430", 4], ["11\u0430", 5], ["11\u0430", 6], [null, 7], [null, 8]], "1": [["11\u0432", 1], ["11\u0432", 2], ["10\u0432", 3], ["10\u0432", 4], ["11\u0430", 5], ["11\u0430", 6], [null, 7], [null, 8]], "2": [["9\u0432", 1], ["9\u0432", 2], ["9\u0430", 3], ["9\u0430", 4], ["10\u0432", 5], ["10\u0432", 6], ["10\u0430", 7], [null, 8]], "3": [["10\u0432", 1], ["10\u0432", 2], ["10\u0430", 3], ["10\u0430", 4], ["11\u0430", 5], ["11\u0430", 6], [null, 7], [null, 8]], "4": [["9\u0430", 1], ["9\u0430", 2], ["9\u0432", 3], ["9\u0432", 4], ["11\u0432", 5], ["11\u0432", 6], ["10\u0430", 7], [null, 8]]}, "\u0412\u0430\u043b\u0438\u0434\u043e\u0432\u0430 \u0413.\u0413.": {"0": [[null, 1], [null, 2], [null, 3], [null, 4], [null, 5], [null, 6], [null, 7], [null, 8]], "1": [[null, 1], [null, 2], ["7\u0430", 3], ["7\u0430", 4], [null, 5], [null, 6], [null, 7], [null, 8]], "2": [[null, 1], [null, 2], [null, 3], [null, 4], [null, 5], [null, 6], [null, 7], [null, 8]], "3": [[null, 1], [null, 2], [null, 3], [null, 4], [null, 5], [null, 6], [null, 7], [null, 8]], "4": [[null, 1], [null, 2], ["7\u0441", 3], ["7\u0441", 4], [null, 5], [null, 6], [null, 7], [null, 8]]}, "\u0421\u043f\u0435\u0432\u0430\u043a \u041c.\u0412.": {"0": [[null, 1], [null, 2], [null, 3], [null, 4], [null, 5], [null, 6], [null, 7], [null, 8]], "1": [["8\u0432", 1], ["8\u0432", 2], [null, 3], [null, 4], ["8\u0432", 5], ["8\u0432", 6], ["11\u0430", 7], [null, 8]], "2": [[null, 1], [null, 2], ["11\u0430", 3], ["11\u0430", 4], ["11\u0430", 5], ["11\u0430", 6], [null, 7], [null, 8]], "3": [[null, 1], [null, 2], ["8\u0430", 3], ["8\u0430", 4], ["8\u0430", 5], ["8\u0430", 6], [null, 7], [null, 8]], "4": [[null, 1], [null, 2], [null, 3], [null, 4], ["11\u0430", 5], ["11\u0430", 6], ["11\u0430", 7], [null, 8]]}, "\u0422\u0443\u043a\u0442\u0430\u0440\u043e\u0432 \u0424.\u0418.": {"0": [["11\u0432", 1], ["11\u0432", 2], ["10\u0430", 3], ["10\u0430", 4], ["9\u0430", 5], ["9\u0430", 6], ["9\u0430", 7], ["6\u0430", 8]], "1": [[null, 1], [null, 2], ["11\u0432", 3], ["11\u0432", 4], [null, 5], [null, 6], [null, 7], [null, 8]], "2": [["10\u0430", 1], ["10\u0430", 2], [null, 3], [null, 4], [null, 5], [null, 6], ["11\u0432", 7], ["6\u0432", 8]], "3": [["11\u0432", 1], ["11\u0432", 2], [null, 3], [null, 4], [null, 5], [null, 6], [null, 7], ["10\u0430", 8]], "4": [["7\u0430", 1], ["7\u0430", 2], ["7\u0432", 3], ["7\u0432", 4], [null, 5], [null, 6], [null, 7], [null, 8]]}, "\u0411\u043e\u043d\u0434\u0430\u0440\u0435\u0432\u0430 \u041b.\u0415.": {"0": [[null, 1], [null, 2], ["6\u0432", 3], ["6\u0432", 4], ["6\u0430", 5], ["6\u0430", 6], [null, 7], [null, 8]], "1": [["9\u0430", 1], ["9\u0430", 2], ["8\u0432", 3], ["8\u0432", 4], ["7\u0432", 5], ["7\u0432", 6], [null, 7], [null, 8]], "2": [[null, 1], [null, 2], [null, 3], [null, 4], [null, 5], [null, 6], [null, 7], [null, 8]], "3": [["6\u0432", 1], ["6\u0432", 2], ["7\u0432", 3], ["7\u0432", 4], ["9\u0430", 5], ["9\u0430", 6], [null, 7], [null, 8]], "4": [["8\u0432", 1], ["8\u0432", 2], ["6\u0430", 3], ["6\u0430", 4], ["9\u0430", 5], ["9\u0430", 6], ["7\u0432", 7], [null, 8]]}, "\u041b\u0430\u0442\u044b\u043f\u043e\u0432\u0430 \u0410.\u0424.": {"0": [[null, 1], [null, 2], [null, 3], [null, 4], [null, 5], [null, 6], [null, 7], [null, 8]], "1": [[null, 1], [null, 2], ["11\u0430", 3], ["11\u0430", 4], ["11\u0432", 5], ["11\u0432", 6], [null, 7], [null, 8]], "2": [["11\u0430", 1], ["11\u0430", 2], ["11\u0432", 3], ["11\u0432", 4], [null, 5], [null, 6], [null, 7], [null, 8]], "3": [[null, 1], [null, 2], ["11\u0430", 3], ["11\u0430", 4], ["11\u0432", 5], ["11\u0432", 6], [null, 7], [null, 8]], "4": [[null, 1], [null, 2], [null, 3], [null, 4], [null, 5], [null, 6], [null, 7], [null, 8]]}, "\u0424\u0430\u0442\u0445\u0438\u0435\u0432 \u041d.\u041d.": {"0": [["10\u0430", 1], ["10\u0430", 2], ["7\u0430", 3], ["7\u0430", 4], ["9\u0432", 5], ["9\u0432", 6], [null, 7], [null, 8]], "1": [[null, 1], [null, 2], [null, 3], [null, 4], ["7\u0430", 5], ["7\u0430", 6], [null, 7], [null, 8]], "2": [["7\u0430", 1], ["7\u0430", 2], ["9\u0432", 3], ["9\u0432", 4], ["10\u0430", 5], ["10\u0430", 6], ["10\u0432", 7], ["10\u0432", 8]], "3": [["10\u0430", 1], ["10\u0430", 2], [null, 3], [null, 4], ["7\u0430", 5], ["7\u0430", 6], [null, 7], [null, 8]], "4": [["9\u0432", 1], ["9\u0432", 2], ["10\u0430", 3], ["10\u0430", 4], ["10\u0432", 5], ["10\u0432", 6], [null, 7], [null, 8]]}, "\u0414\u043e\u0434\u0430\u0440\u043e\u0432 \u0410.\u041d.": {"0": [[null, 1], [null, 2], [null, 3], [null, 4], [null, 5], [null, 6], ["6\u0432", 7], ["9\u0432", 8]], "1": [[null, 1], [null, 2], [null, 3], [null, 4], [null, 5], [null, 6], ["6\u0430", 7], ["7\u0432", 8]], "2": [[null, 1], [null, 2], [null, 3], [null, 4], [null, 5], [null, 6], ["7\u0441", 7], ["9\u0430", 8]], "3": [[null, 1], [null, 2], [null, 3], [null, 4], [null, 5], [null, 6], [null, 7], ["10\u0432", 8]], "4": [[null, 1], [null, 2], [null, 3], [null, 4], [null, 5], [null, 6], ["11\u0432", 7], ["8\u0432", 8]]}, "\u0413\u0430\u0439\u0441\u0438\u043d\u0430 \u0413.\u0424.": {"0": [["7\u0441", 1], ["7\u0441", 2], ["7\u0432", 3], ["7\u0432", 4], [null, 5], [null, 6], [null, 7], [null, 8]], "1": [["9\u0432", 1], ["9\u0432", 2], ["7\u0441", 3], ["7\u0441", 4], [null, 5], [null, 6], [null, 7], [null, 8]], "2": [["8\u0430", 1], ["8\u0430", 2], ["7\u0430", 3], ["7\u0430", 4], [null, 5], [null, 6], [null, 7], [null, 8]], "3": [["8\u0430", 1], ["8\u0430", 2], ["9\u0430", 3], ["9\u0430", 4], ["9\u0432", 5], ["9\u0432", 6], [null, 7], [null, 8]], "4": [["7\u0441", 1], ["7\u0441", 2], ["9\u0430", 3], ["9\u0430", 4], ["7\u0441", 5], ["7\u0441", 6], ["8\u0430", 7], [null, 8]]}, "\u041a\u0430\u0437\u043d\u0430\u0431\u0430\u0435\u0432 \u0418.\u0413.": {"0": [["11\u0430", 1], ["11\u0430", 2], ["10\u0432\u041f", 3], ["10\u0432\u041f", 4], ["10\u0430", 5], ["10\u0430", 6], ["11\u0432", 7], ["8\u0430", 8]], "1": [["11\u0430", 1], ["11\u0430", 2], [null, 3], [null, 4], ["10\u0432\u041f", 5], ["10\u0432\u041f", 6], ["10\u0430", 7], ["10\u0430", 8]], "2": [["11\u0432", 1], ["11\u0432", 2], ["10\u0432\u041f", 3], ["10\u0432\u041f", 4], ["8\u0432", 5], ["8\u0432", 6], ["8\u0432", 7], [null, 8]], "3": [[null, 1], [null, 2], [null, 3], [null, 4], [null, 5], [null, 6], [null, 7], [null, 8]], "4": [["11\u0430", 1], ["11\u0430", 2], ["11\u0432", 3], ["11\u0432", 4], ["10\u0430", 5], ["10\u0430", 6], ["10\u0432\u0411", 7], [null, 8]]}, "\u0410\u0445\u043c\u0435\u0442\u043e\u0432\u0430 \u0413.\u0420.": {"0": [[null, 1], [null, 2], [null, 3], [null, 4], [null, 5], [null, 6], [null, 7], [null, 8]], "1": [[null, 1], [null, 2], [null, 3], [null, 4], ["10\u0430", 5], ["10\u0430", 6], [null, 7], [null, 8]], "2": [[null, 1], [null, 2], [null, 3], [null, 4], [null, 5], [null, 6], [null, 7], [null, 8]], "3": [[null, 1], [null, 2], [null, 3], [null, 4], [null, 5], [null, 6], [null, 7], [null, 8]], "4": [[null, 1], [null, 2], [null, 3], [null, 4], [null, 5], [null, 6], [null, 7], [null, 8]]}, "\u041b\u0430\u043f\u0443\u0445\u0438\u043d\u0430 \u0417.\u0421.": {"0": [[null, 1], [null, 2], [null, 3], [null, 4], [null, 5], [null, 6], [null, 7], [null, 8]], "1": [[null, 1], [null, 2], [null, 3], [null, 4], [null, 5], [null, 6], [null, 7], [null, 8]], "2": [[null, 1], [null, 2], [null, 3], [null, 4], ["6\u0432", 5], ["6\u0432", 6], [null, 7], [null, 8]], "3": [["7\u0441", 1], ["7\u0441", 2], ["7\u0430", 3], ["7\u0430", 4], ["7\u0432", 5], ["7\u0432", 6], [null, 7], [null, 8]], "4": [[null, 1], [null, 2], [null, 3], [null, 4], [null, 5], [null, 6], [null, 7], [null, 8]]}, "\u041a\u043e\u043d\u043e\u0432\u0430 \u041e.\u0413.": {"0": [[null, 1], [null, 2], [null, 3], [null, 4], [null, 5], [null, 6], [null, 7], [null, 8]], "1": [[null, 1], [null, 2], [null, 3], [null, 4], [null, 5], [null, 6], [null, 7], [null, 8]], "2": [[null, 1], [null, 2], [null, 3], [null, 4], [null, 5], [null, 6], ["9\u0430", 7], [null, 8]], "3": [[null, 1], [null, 2], ["9\u0432", 3], ["9\u0432", 4], ["8\u0432", 5], ["8\u0432", 6], [null, 7], [null, 8]], "4": [[null, 1], [null, 2], [null, 3], [null, 4], ["8\u0430", 5], ["8\u0430", 6], ["9\u0430", 7], [null, 8]]}, "\u0410\u0445\u0443\u043d\u043e\u0432\u0430 \u0413.\u042e.": {"0": [["8\u0430", 1], ["8\u0430", 2], ["10\u0432\u041f", 3], ["10\u0432\u041f", 4], ["7\u0432", 5], ["7\u0432", 6], ["10\u0432", 7], ["10\u0432", 8]], "1": [["7\u0430", 1], ["7\u0430", 2], ["6\u0430", 3], ["6\u0430", 4], [null, 5], [null, 6], [null, 7], [null, 8]], "2": [["8\u0432", 1], ["8\u0432", 2], ["10\u0432\u041f", 3], ["10\u0432\u041f", 4], ["9\u0432", 5], ["9\u0432", 6], [null, 7], [null, 8]], "3": [["9\u0430", 1], ["9\u0430", 2], [null, 3], [null, 4], [null, 5], [null, 6], [null, 7], [null, 8]], "4": [[null, 1], [null, 2], [null, 3], [null, 4], [null, 5], [null, 6], [null, 7], [null, 8]]}, "\u041d\u0430\u0441\u0440\u0442\u0434\u0438\u043d\u043e\u0432 \u0410.\u041a.": {"0": [["9\u0430", 1], ["9\u0430", 2], ["11\u0432", 3], ["11\u0432", 4], ["10\u0432", 5], ["10\u0432", 6], ["9\u0432", 7], ["7\u0430", 8]], "1": [[null, 1], [null, 2], [null, 3], [null, 4], ["10\u0432 \u042d", 5], ["10\u0432 \u042d", 6], ["7\u0441", 7], [null, 8]], "2": [[null, 1], [null, 2], ["10\u0430", 3], ["10\u0430", 4], ["11\u0432", 5], ["11\u0432", 6], ["9\u0432", 7], ["7\u0432", 8]], "3": [[null, 1], [null, 2], [null, 3], [null, 4], ["10\u0432", 5], ["10\u0432", 6], [null, 7], ["9\u0430", 8]], "4": [[null, 1], [null, 2], [null, 3], [null, 4], [null, 5], [null, 6], [null, 7], [null, 8]]}, "\u0411\u044b\u0432\u0448\u0435\u0432\u0430 \u0410.\u0421.": {"0": [["10\u0432", 1], ["10\u0432", 2], ["8\u0432", 3], ["8\u0432", 4], [null, 5], [null, 6], ["10\u0430", 7], ["10\u0430", 8]], "1": [[null, 1], [null, 2], [null, 3], [null, 4], [null, 5], [null, 6], ["8\u0430", 7], ["9\u0430", 8]], "2": [["9\u0430", 1], ["9\u0430", 2], ["8\u0432", 3], ["8\u0432", 4], [null, 5], [null, 6], [null, 7], ["8\u0432", 8]], "3": [[null, 1], [null, 2], [null, 3], [null, 4], [null, 5], [null, 6], [null, 7], ["10\u0432", 8]], "4": [["10\u0430", 1], ["10\u0430", 2], ["10\u0432", 3], ["10\u0432", 4], ["9\u0432", 5], ["9\u0432", 6], ["9\u0432", 7], [null, 8]]}, "\u041b\u0430\u0442\u044b\u043f\u043e\u0432\u0430 \u0417.\u041d.": {"0": [[null, 1], [null, 2], ["8\u0430", 3], ["8\u0430", 4], ["6\u0432", 5], ["6\u0432", 6], ["11\u0430", 7], [null, 8]], "1": [["7\u0441", 1], ["7\u0441", 2], ["7\u0432", 3], ["7\u0432", 4], ["6\u0430", 5], ["6\u0430", 6], ["7\u0430", 7], ["11\u0430", 8]], "2": [["6\u0432", 1], ["6\u0432", 2], ["7\u0432", 3], ["7\u0432", 4], ["8\u0430", 5], ["8\u0430", 6], ["11\u0430", 7], [null, 8]], "3": [["8\u0432", 1], ["8\u0432", 2], ["7\u0441", 3], ["7\u0441", 4], ["6\u0430", 5], ["6\u0430", 6], [null, 7], [null, 8]], "4": [["11\u0432", 1], ["11\u0432", 2], ["7\u0430", 3], ["7\u0430", 4], ["7\u0432", 5], ["7\u0432", 6], ["7\u0441", 7], ["11\u0432", 8]]}, "\u041a\u0430\u0440\u0438\u043c\u043e\u0432\u0430 \u0410. \u0424.": {"0": [["8\u0432", 1], ["8\u0432", 2], [null, 3], [null, 4], [null, 5], [null, 6], [null, 7], [null, 8]], "1": [["10\u0430", 1], ["10\u0430", 2], ["9\u0432", 3], ["9\u0432", 4], ["6\u0432", 5], ["6\u0432", 6], [null, 7], [null, 8]], "2": [["7\u0441", 1], ["7\u0441", 2], [null, 3], [null, 4], ["7\u0432", 5], ["7\u0432", 6], ["7\u0430", 7], [null, 8]], "3": [[null, 1], [null, 2], [null, 3], [null, 4], [null, 5], [null, 6], [null, 7], [null, 8]], "4": [["10\u0432", 1], ["10\u0432", 2], ["11\u0430", 3], ["11\u0430", 4], ["6\u0430", 5], ["6\u0430", 6], ["7\u0430", 7], [null, 8]]}, "\u0412\u0430\u043a\u0430\u043d\u0442 \u0444\u0438\u0437-\u0440\u0430": {"0": [[null, 1], [null, 2], [null, 3], [null, 4], [null, 5], [null, 6], [null, 7], [null, 8]], "1": [["8\u0430", 1], ["8\u0430", 2], ["10\u0430", 3], ["10\u0430", 4], ["9\u0432", 5], ["9\u0432", 6], ["9\u0430", 7], [null, 8]], "2": [[null, 1], [null, 2], [null, 3], [null, 4], [null, 5], [null, 6], [null, 7], [null, 8]], "3": [["11\u0430", 1], ["11\u0430", 2], ["11\u0432", 3], ["11\u0432", 4], [null, 5], [null, 6], [null, 7], [null, 8]], "4": [[null, 1], [null, 2], [null, 3], [null, 4], [null, 5], [null, 6], [null, 7], [null, 8]]}, "\u041a\u0430\u0441\u0438\u043c\u043e\u0432\u0430 \u0420.\u0420.": {"0": [["6\u0430", 1], ["6\u0430", 2], ["7\u0441", 3], ["7\u0441", 4], ["8\u0430", 5], ["8\u0430", 6], ["8\u0432", 7], ["8\u0432", 8]], "1": [[null, 1], [null, 2], [null, 3], [null, 4], [null, 5], [null, 6], [null, 7], [null, 8]], "2": [[null, 1], [null, 2], [null, 3], [null, 4], [null, 5], [null, 6], [null, 7], [null, 8]], "3": [[null, 1], [null, 2], [null, 3], [null, 4], [null, 5], [null, 6], [null, 7], ["9\u0432", 8]], "4": [["6\u0432", 1], ["6\u0432", 2], [null, 3], [null, 4], [null, 5], [null, 6], [null, 7], ["9\u0430", 8]]}, "\u0425\u0430\u043b\u0438\u0442\u043e\u0432\u0430 \u041c.\u041d.": {"0": [[null, 1], [null, 2], [null, 3], [null, 4], [null, 5], [null, 6], [null, 7], [null, 8]], "1": [[null, 1], [null, 2], [null, 3], [null, 4], [null, 5], [null, 6], [null, 7], ["8\u0432", 8]], "2": [[null, 1], [null, 2], [null, 3], [null, 4], [null, 5], [null, 6], [null, 7], ["8\u0430", 8]], "3": [[null, 1], [null, 2], [null, 3], [null, 4], [null, 5], [null, 6], [null, 7], [null, 8]], "4": [[null, 1], [null, 2], [null, 3], [null, 4], [null, 5], [null, 6], [null, 7], [null, 8]]}}, "1": {"\u0421\u0443\u044f\u0440\u0433\u0443\u043b\u043e\u0432\u0430 \u0413.\u0417.": {"0": [["10\u0432", 1], ["10\u0432", 2], ["11\u0432", 3], ["11\u0432", 4], ["10\u0430", 5], ["10\u0430", 6], [null, 7], [null, 8]], "1": [["6\u0430", 1], ["6\u0430", 2], ["6\u0432", 3], ["6\u0432", 4], ["11\u0430", 5], ["11\u0430", 6], [null, 7], [null, 8]], "2": [["10\u0432", 1], ["10\u0432", 2], ["10\u0430", 3], ["10\u0430", 4], ["8\u0432", 5], ["8\u0432", 6], [null, 7], [null, 8]], "3": [["11\u0432", 1], ["11\u0432", 2], [null, 3], [null, 4], ["11\u0430", 5], ["11\u0430", 6], [null, 7], [null, 8]], "4": [[null, 1], [null, 2], [null, 3], [null, 4], [null, 5], [null, 6], [null, 7], [null, 8]]}, "\u0411\u0430\u0442\u0430\u043b\u043b\u043e\u0432\u0430 \u041b.\u041c.": {"0": [["7\u0432", 1], ["7\u0432", 2], ["7\u0430", 3], ["7\u0430", 4], ["9\u0432", 5], ["9\u0432", 6], ["9\u0430", 7], [null, 8]], "1": [["7\u0441", 1], ["7\u0441", 2], ["6\u0432", 3], ["6\u0432", 4], ["8\u0430", 5], ["8\u0430", 6], [null, 7], [null, 8]], "2": [["9\u0432", 1], ["9\u0432", 2], [null, 3], [null, 4], [null, 5], [null, 6], [null, 7], [null, 8]], "3": [["7\u0432", 1], ["7\u0432", 2], ["9\u0430", 3], ["9\u0430", 4], ["7\u0441", 5], ["7\u0441", 6], [null, 7], ["7\u0435", 8]], "4": [[null, 1], [null, 2], [null, 3], [null, 4], [null, 5], [null, 6], [null, 7], [null, 8]]}, "\u0413\u0430\u043b\u0435\u0435\u0432\u0430 \u041d.\u0420.": {"0": [["10\u0432", 1], ["10\u0432", 2], ["7\u0430", 3], ["7\u0430", 4], [null, 5], [null, 6], [null, 7], [null, 8]], "1": [["6\u0430", 1], ["6\u0430", 2], [null, 3], [null, 4], ["8\u0430", 5], ["8\u0430", 6], [null, 7], [null, 8]], "2": [["9\u0432", 1], ["9\u0432", 2], ["10\u0432", 3], ["10\u0432", 4], ["11\u0430", 5], ["11\u0430", 6], [null, 7], [null, 8]], "3": [["7\u0432", 1], ["7\u0432", 2], ["9\u0430", 3], ["9\u0430", 4], [null, 5], [null, 6], [null, 7], [null, 8]], "4": [["9\u0432", 1], ["9\u0432", 2], ["7\u0430", 3], ["7\u0430", 4], [null, 5], [null, 6], [null, 7], [null, 8]]}, "\u041a\u0430\u0438\u043f\u043e\u0432 \u0418. \u0418.": {"0": [[null, 1], [null, 2], [null, 3], [null, 4], ["10\u0430", 5], ["10\u0430", 6], [null, 7], [null, 8]], "1": [[null, 1], [null, 2], ["11\u0432", 3], ["11\u0432", 4], [null, 5], [null, 6], [null, 7], [null, 8]], "2": [[null, 1], [null, 2], ["10\u0430", 3], ["10\u0430", 4], ["8\u0432", 5], ["8\u0432", 6], ["11\u0432", 7], [null, 8]], "3": [[null, 1], [null, 2], ["11\u0432", 3], ["11\u0432", 4], ["7\u0441", 5], ["7\u0441", 6], [null, 7], [null, 8]], "4": [[null, 1], [null, 2], [null, 3], [null, 4], ["7\u0441", 5], ["7\u0441", 6], [null, 7], [null, 8]]}, "\u0410\u0441\u043a\u0430\u0440\u043e\u0432\u0430 \u0413.\u041c.": {"0": [["7\u0430", 1], ["7\u0430", 2], [null, 3], [null, 4], ["11\u0432", 5], ["11\u0432", 6], [null, 7], [null, 8]], "1": [["11\u0430", 1], ["11\u0430", 2], ["8\u0432", 3], ["8\u0432", 4], ["9\u0432", 5], ["9\u0432", 6], [null, 7], [null, 8]], "2": [[null, 1], [null, 2], [null, 3], [null, 4], [null, 5], [null, 6], [null, 7], [null, 8]], "3": [["9\u0432", 1], ["9\u0432", 2], ["10\u0432", 3], ["10\u0432", 4], ["10\u0430", 5], ["10\u0430", 6], [null, 7], [null, 8]], "4": [["8\u0430", 1], ["8\u0430", 2], ["8\u0432", 3], ["8\u0432", 4], ["7\u0430", 5], ["7\u0430", 6], [null, 7], [null, 8]]}, "\u0410\u0445\u043c\u0435\u0442\u043e\u0432\u0430 \u0413.\u0410.": {"0": [[null, 1], [null, 2], [null, 3], [null, 4], [null, 5], [null, 6], [null, 7], [null, 8]], "1": [[null, 1], [null, 2], [null, 3], [null, 4], ["6\u0432", 5], ["6\u0432", 6], [null, 7], [null, 8]], "2": [[null, 1], [null, 2], [null, 3], [null, 4], ["6\u0432", 5], ["6\u0432", 6], [null, 7], [null, 8]], "3": [[null, 1], [null, 2], [null, 3], [null, 4], [null, 5], [null, 6], [null, 7], [null, 8]], "4": [["6\u0430", 1], ["6\u0430", 2], ["6\u0432", 3], ["6\u0432", 4], [null, 5], [null, 6], [null, 7], [null, 8]]}, "\u0413\u0443\u0431\u0430\u0439\u0434\u0443\u043b\u043b\u0438\u043d\u0430 \u0420.\u0418.": {"0": [[null, 1], [null, 2], ["7\u0432", 3], ["7\u0432", 4], ["7\u0441", 5], ["7\u0441", 6], [null, 7], [null, 8]], "1": [[null, 1], [null, 2], ["9\u0430", 3], ["9\u0430", 4], ["9\u0432", 5], ["9\u0432", 6], [null, 7], [null, 8]], "2": [["7\u0432", 1], ["7\u0432", 2], ["7\u0441", 3], ["7\u0441", 4], [null, 5], [null, 6], [null, 7], [null, 8]], "3": [["9\u0432", 1], ["9\u0432", 2], ["10\u0432", 3], ["10\u0432", 4], ["10\u0430", 5], ["10\u0430", 6], [null, 7], [null, 8]], "4": [[null, 1], [null, 2], [null, 3], [null, 4], [null, 5], [null, 6], [null, 7], [null, 8]]}, "\u0417\u0430\u0439\u043d\u0435\u0442\u0434\u0438\u043d\u043e\u0432\u0430 \u0417. \u0410.": {"0": [["7\u0430", 1], ["7\u0430", 2], ["7\u0432", 3], ["7\u0432", 4], ["11\u0432", 5], ["11\u0432", 6], [null, 7], [null, 8]], "1": [["11\u0430", 1], ["11\u0430", 2], ["9\u0430", 3], ["9\u0430", 4], ["6\u0432", 5], ["6\u0432", 6], [null, 7], [null, 8]], "2": [["7\u0432", 1], ["7\u0432", 2], [null, 3], [null, 4], [null, 5], [null, 6], [null, 7], [null, 8]], "3": [[null, 1], [null, 2], [null, 3], [null, 4], [null, 5], [null, 6], [null, 7], [null, 8]], "4": [["6\u0430", 1], ["6\u0430", 2], ["6\u0432", 3], ["6\u0432", 4], ["7\u0430", 5], ["7\u0430", 6], [null, 7], [null, 8]]}, "\u0422\u0430\u0448\u0431\u0443\u043b\u0430\u0442\u043e\u0432\u0430 \u0413. \u0421.": {"0": [[null, 1], [null, 2], [null, 3], [null, 4], ["7\u0441", 5], ["7\u0441", 6], [null, 7], [null, 8]], "1": [[null, 1], [null, 2], ["8\u0432", 3], ["8\u0432", 4], [null, 5], [null, 6], [null, 7], [null, 8]], "2": [[null, 1], [null, 2], ["7\u0441", 3], ["7\u0441", 4], ["6\u0430", 5], ["6\u0430", 6], [null, 7], [null, 8]], "3": [[null, 1], [null, 2], [null, 3], [null, 4], [null, 5], [null, 6], [null, 7], [null, 8]], "4": [["8\u0430", 1], ["8\u0430", 2], ["8\u0432", 3], ["8\u0432", 4], [null, 5], [null, 6], [null, 7], [null, 8]]}, "\u041a\u043e\u0440\u043e\u0431\u0435\u0439\u043d\u0438\u043a\u043e\u0432\u0430 \u041e. \u0412.": {"0": [["6\u0432", 1], ["6\u0432", 2], ["6\u0430", 3], ["6\u0430", 4], ["8\u0430", 5], ["8\u0430", 6], ["8\u0432", 7], [null, 8]], "1": [["7\u0430", 1], ["7\u0430", 2], ["7\u0432", 3], ["7\u0432", 4], ["7\u0441", 5], ["7\u0441", 6], ["8\u0432", 7], [null, 8]], "2": [["6\u0430", 1], ["6\u0430", 2], ["8\u0432", 3], ["8\u0432", 4], ["7\u0432", 5], ["7\u0432", 6], ["8\u0430", 7], [null, 8]], "3": [["6\u0432", 1], ["6\u0432", 2], ["6\u0430", 3], ["6\u0430", 4], ["7\u0430", 5], ["7\u0430", 6], [null, 7], [null, 8]], "4": [["7\u0432", 1], ["7\u0432", 2], ["7\u0441", 3], ["7\u0441", 4], ["8\u0432", 5], ["8\u0432", 6], ["8\u0430", 7], [null, 8]]}, "\u0425\u0430\u043c\u0438\u0434\u0443\u043b\u043b\u0438\u043d\u0430 \u0417.\u0425.": {"0": [["11\u0432", 1], ["11\u0432", 2], ["9\u0430", 3], ["9\u0430", 4], ["11\u0430", 5], ["11\u0430", 6], ["9\u0432", 7], [null, 8]], "1": [["9\u0432", 1], ["9\u0432", 2], ["10\u0430", 3], ["10\u0430", 4], ["10\u0432", 5], ["10\u0432", 6], [null, 7], [null, 8]], "2": [["9\u0430", 1], ["9\u0430", 2], ["11\u0430", 3], ["11\u0430", 4], ["11\u0432", 5], ["11\u0432", 6], ["9\u0432", 7], [null, 8]], "3": [["10\u0432", 1], ["10\u0432", 2], ["10\u0430", 3], ["10\u0430", 4], ["9\u0430", 5], ["9\u0430", 6], [null, 7], [null, 8]], "4": [["10\u0430", 1], ["10\u0430", 2], ["9\u0432", 3], ["9\u0432", 4], ["11\u0432", 5], ["11\u0432", 6], [null, 7], [null, 8]]}, "\u0412\u0430\u043b\u0438\u0434\u043e\u0432\u0430 \u0413.\u0413.": {"0": [[null, 1], [null, 2], [null, 3], [null, 4], [null, 5], [null, 6], [null, 7], [null, 8]], "1": [[null, 1], [null, 2], [null, 3], [null, 4], [null, 5], [null, 6], [null, 7], [null, 8]], "2": [["7\u0441", 1], ["7\u0441", 2], ["7\u0430", 3], ["7\u0430", 4], [null, 5], [null, 6], [null, 7], [null, 8]], "3": [[null, 1], [null, 2], [null, 3], [null, 4], [null, 5], [null, 6], [null, 7], [null, 8]], "4": [[null, 1], [null, 2], [null, 3], [null, 4], [null, 5], [null, 6], [null, 7], [null, 8]]}, "\u0421\u043f\u0435\u0432\u0430\u043a \u041c.\u0412.": {"0": [[null, 1], [null, 2], [null, 3], [null, 4], [null, 5], [null, 6], [null, 7], [null, 8]], "1": [[null, 1], [null, 2], [null, 3], [null, 4], ["11\u0430", 5], ["11\u0430", 6], ["11\u0430", 7], [null, 8]], "2": [[null, 1], [null, 2], [null, 3], [null, 4], ["11\u0430", 5], ["11\u0430", 6], [null, 7], [null, 8]], "3": [[null, 1], [null, 2], [null, 3], [null, 4], ["11\u0430", 5], ["11\u0430", 6], [null, 7], [null, 8]], "4": [[null, 1], [null, 2], [null, 3], [null, 4], [null, 5], [null, 6], ["11\u0430", 7], [null, 8]]}, "\u0422\u0443\u043a\u0442\u0430\u0440\u043e\u0432 \u0424.\u0418.": {"0": [["7\u0432", 1], ["7\u0432", 2], ["11\u0432", 3], ["11\u0432", 4], ["9\u0432", 5], ["9\u0432", 6], ["9\u0430", 7], ["6\u0430", 8]], "1": [["7\u0441", 1], ["7\u0441", 2], ["11\u0432", 3], ["11\u0432", 4], [null, 5], [null, 6], [null, 7], [null, 8]], "2": [["10\u0432", 1], ["10\u0432", 2], ["10\u0432", 3], ["10\u0432", 4], [null, 5], [null, 6], ["11\u0432", 7], ["6\u0432", 8]], "3": [["11\u0432", 1], ["11\u0432", 2], ["11\u0432", 3], ["11\u0432", 4], [null, 5], [null, 6], [null, 7], ["10\u0430", 8]], "4": [["9\u0432", 1], ["9\u0432", 2], ["7\u0430", 3], ["7\u0430", 4], ["7\u0441", 5], ["7\u0441", 6], [null, 7], [null, 8]]}, "\u0411\u043e\u043d\u0434\u0430\u0440\u0435\u0432\u0430 \u041b.\u0415.": {"0": [["9\u0430", 1], ["9\u0430", 2], ["8\u0432", 3], ["8\u0432", 4], ["6\u0430", 5], ["6\u0430", 6], [null, 7], [null, 8]], "1": [["6\u0432", 1], ["6\u0432", 2], ["6\u0430", 3], ["6\u0430", 4], ["7\u0432", 5], ["7\u0432", 6], [null, 7], [null, 8]], "2": [["6\u0432", 1], ["6\u0432", 2], ["6\u0430", 3], ["6\u0430", 4], ["9\u0430", 5], ["9\u0430", 6], ["7\u0432", 7], [null, 8]], "3": [["8\u0432", 1], ["8\u0432", 2], ["6\u0432", 3], ["6\u0432", 4], ["7\u0432", 5], ["7\u0432", 6], [null, 7], [null, 8]], "4": [["8\u0432", 1], ["8\u0432", 2], ["7\u0432", 3], ["7\u0432", 4], ["9\u0430", 5], ["9\u0430", 6], [null, 7], [null, 8]]}, "\u041b\u0430\u0442\u044b\u043f\u043e\u0432\u0430 \u0410.\u0424.": {"0": [[null, 1], [null, 2], [null, 3], [null, 4], [null, 5], [null, 6], [null, 7], [null, 8]], "1": [[null, 1], [null, 2], ["11\u0430", 3], ["11\u0430", 4], ["11\u0432", 5], ["11\u0432", 6], [null, 7], [null, 8]], "2": [["11\u0430", 1], ["11\u0430", 2], ["11\u0432", 3], ["11\u0432", 4], [null, 5], [null, 6], [null, 7], [null, 8]], "3": [[null, 1], [null, 2], ["11\u0430", 3], ["11\u0430", 4], ["11\u0432", 5], ["11\u0432", 6], [null, 7], [null, 8]], "4": [[null, 1], [null, 2], [null, 3], [null, 4], [null, 5], [null, 6], [null, 7], [null, 8]]}, "\u0424\u0430\u0442\u0445\u0438\u0435\u0432 \u041d.\u041d.": {"0": [["10\u0430", 1], ["10\u0430", 2], ["9\u0432", 3], ["9\u0432", 4], ["10\u0432", 5], ["10\u0432", 6], [null, 7], [null, 8]], "1": [[null, 1], [null, 2], [null, 3], [null, 4], [null, 5], [null, 6], [null, 7], [null, 8]], "2": [["10\u0430", 1], ["10\u0430", 2], ["9\u0432", 3], ["9\u0432", 4], ["7\u0430", 5], ["7\u0430", 6], ["10\u0432", 7], ["10\u0432", 8]], "3": [["10\u0430", 1], ["10\u0430", 2], ["7\u0430", 3], ["7\u0430", 4], ["9\u0432", 5], ["9\u0432", 6], [null, 7], [null, 8]], "4": [["10\u0432", 1], ["10\u0432", 2], ["10\u0430", 3], ["10\u0430", 4], [null, 5], [null, 6], [null, 7], [null, 8]]}, "\u0414\u043e\u0434\u0430\u0440\u043e\u0432 \u0410.\u041d.": {"0": [[null, 1], [null, 2], [null, 3], [null, 4], [null, 5], [null, 6], ["6\u0430", 7], ["7\u0430", 8]], "1": [[null, 1], [null, 2], [null, 3], [null, 4], [null, 5], [null, 6], ["6\u0432", 7], ["7\u0432", 8]], "2": [[null, 1], [null, 2], [null, 3], [null, 4], [null, 5], [null, 6], ["8\u0432", 7], ["8\u0430", 8]], "3": [[null, 1], [null, 2], [null, 3], [null, 4], [null, 5], [null, 6], [null, 7], ["10\u0432", 8]], "4": [[null, 1], [null, 2], [null, 3], [null, 4], ["11\u0430", 5], ["11\u0430", 6], ["11\u0432", 7], ["7\u0441", 8]]}, "\u0413\u0430\u0439\u0441\u0438\u043d\u0430 \u0413.\u0424.": {"0": [["7\u0441", 1], ["7\u0441", 2], ["8\u0430", 3], ["8\u0430", 4], ["9\u0430", 5], ["9\u0430", 6], [null, 7], [null, 8]], "1": [["7\u0432", 1], ["7\u0432", 2], ["7\u0441", 3], ["7\u0441", 4], ["7\u0430", 5], ["7\u0430", 6], ["8\u0430", 7], [null, 8]], "2": [[null, 1], [null, 2], [null, 3], [null, 4], [null, 5], [null, 6], [null, 7], [null, 8]], "3": [["7\u0441", 1], ["7\u0441", 2], ["8\u0430", 3], ["8\u0430", 4], ["8\u0430", 5], ["8\u0430", 6], [null, 7], [null, 8]], "4": [["7\u0441", 1], ["7\u0441", 2], ["8\u0430", 3], ["8\u0430", 4], ["9\u0432", 5], ["9\u0432", 6], [null, 7], [null, 8]]}, "\u041a\u0430\u0437\u043d\u0430\u0431\u0430\u0435\u0432 \u0418.\u0413.": {"0": [["11\u0430", 1], ["11\u0430", 2], ["10\u0432\u041f", 3], ["10\u0432\u041f", 4], ["8\u0432", 5], ["8\u0432", 6], ["10\u0432\u0411", 7], ["10\u0432", 8]], "1": [[null, 1], [null, 2], [null, 3], [null, 4], ["10\u0430", 5], ["10\u0430", 6], ["11\u0432", 7], ["8\u0432", 8]], "2": [["11\u0432", 1], ["11\u0432", 2], [null, 3], [null, 4], ["10\u0432\u0411", 5], ["10\u0432\u0411", 6], ["11\u0430", 7], ["11\u0430", 8]], "3": [[null, 1], [null, 2], [null, 3], [null, 4], [null, 5], [null, 6], [null, 7], ["8\u0430", 8]], "4": [[null, 1], [null, 2], ["11\u0430", 3], ["11\u0430", 4], ["10\u0430", 5], ["10\u0430", 6], ["10\u0432\u041f", 7], ["10\u0432\u041f", 8]]}, "\u0410\u0445\u043c\u0435\u0442\u043e\u0432\u0430 \u0413.\u0420.": {"0": [[null, 1], [null, 2], [null, 3], [null, 4], [null, 5], [null, 6], [null, 7], [null, 8]], "1": [[null, 1], [null, 2], [null, 3], [null, 4], [null, 5], [null, 6], [null, 7], [null, 8]], "2": [[null, 1], [null, 2], [null, 3], [null, 4], [null, 5], [null, 6], [null, 7], [null, 8]], "3": [[null, 1], [null, 2], [null, 3], [null, 4], [null, 5], [null, 6], [null, 7], [null, 8]], "4": [[null, 1], [null, 2], ["10\u0432", 3], ["10\u0432", 4], ["6\u0430", 5], ["6\u0430", 6], [null, 7], [null, 8]]}, "\u041b\u0430\u043f\u0443\u0445\u0438\u043d\u0430 \u0417.\u0421.": {"0": [[null, 1], [null, 2], [null, 3], [null, 4], [null, 5], [null, 6], [null, 7], [null, 8]], "1": [[null, 1], [null, 2], [null, 3], [null, 4], [null, 5], [null, 6], [null, 7], [null, 8]], "2": [["7\u0430", 1], ["7\u0430", 2], ["7\u0432", 3], ["7\u0432", 4], ["7\u0441", 5], ["7\u0441", 6], [null, 7], [null, 8]], "3": [[null, 1], [null, 2], [null, 3], [null, 4], [null, 5], [null, 6], [null, 7], [null, 8]], "4": [[null, 1], [null, 2], [null, 3], [null, 4], [null, 5], [null, 6], [null, 7], [null, 8]]}, "\u041a\u043e\u043d\u043e\u0432\u0430 \u041e.\u0413.": {"0": [[null, 1], [null, 2], [null, 3], [null, 4], [null, 5], [null, 6], [null, 7], [null, 8]], "1": [["9\u0430", 1], ["9\u0430", 2], [null, 3], [null, 4], [null, 5], [null, 6], [null, 7], [null, 8]], "2": [[null, 1], [null, 2], [null, 3], [null, 4], [null, 5], [null, 6], [null, 7], [null, 8]], "3": [[null, 1], [null, 2], ["9\u0432", 3], ["9\u0432", 4], ["8\u0432", 5], ["8\u0432", 6], [null, 7], [null, 8]], "4": [[null, 1], [null, 2], [null, 3], [null, 4], ["8\u0430", 5], ["8\u0430", 6], [null, 7], [null, 8]]}, "\u0410\u0445\u0443\u043d\u043e\u0432\u0430 \u0413.\u042e.": {"0": [[null, 1], [null, 2], ["10\u0432\u041f", 3], ["10\u0432\u041f", 4], ["6\u0432", 5], ["6\u0432", 6], [null, 7], [null, 8]], "1": [["10\u0430", 1], ["10\u0430", 2], ["9\u0432", 3], ["9\u0432", 4], [null, 5], [null, 6], [null, 7], [null, 8]], "2": [["8\u0432", 1], ["8\u0432", 2], ["8\u0430", 3], ["8\u0430", 4], ["10\u0432\u0411", 5], ["10\u0432\u0411", 6], [null, 7], [null, 8]], "3": [["9\u0430", 1], ["9\u0430", 2], ["7\u0441", 3], ["7\u0441", 4], [null, 5], [null, 6], [null, 7], [null, 8]], "4": [[null, 1], [null, 2], [null, 3], [null, 4], [null, 5], [null, 6], [null, 7], [null, 8]]}, "\u041d\u0430\u0441\u0440\u0442\u0434\u0438\u043d\u043e\u0432 \u0410.\u041a.": {"0": [["8\u0432", 1], ["8\u0432", 2], ["11\u0430", 3], ["11\u0430", 4], [null, 5], [null, 6], ["7\u0441", 7], ["9\u0430", 8]], "1": [["10\u0432", 1], ["10\u0432", 2], [null, 3], [null, 4], [null, 5], [null, 6], ["7\u0432", 7], ["10\u0432", 8]], "2": [["8\u0430", 1], ["8\u0430", 2], ["9\u0430", 3], ["9\u0430", 4], ["9\u0432", 5], ["9\u0432", 6], ["7\u0430", 7], [null, 8]], "3": [["8\u0430", 1], ["8\u0430", 2], [null, 3], [null, 4], [null, 5], [null, 6], [null, 7], ["9\u0432", 8]], "4": [[null, 1], [null, 2], [null, 3], [null, 4], [null, 5], [null, 6], [null, 7], [null, 8]]}, "\u0411\u044b\u0432\u0448\u0435\u0432\u0430 \u0410.\u0421.": {"0": [["9\u0432", 1], ["9\u0432", 2], ["10\u0430", 3], ["10\u0430", 4], [null, 5], [null, 6], ["10\u0430", 7], ["9\u0432", 8]], "1": [["8\u0432", 1], ["8\u0432", 2], ["10\u0432", 3], ["10\u0432", 4], ["9\u0430", 5], ["9\u0430", 6], ["9\u0432", 7], ["9\u0430", 8]], "2": [[null, 1], [null, 2], [null, 3], [null, 4], ["10\u0430", 5], ["10\u0430", 6], ["10\u0430", 7], ["8\u0432", 8]], "3": [[null, 1], [null, 2], [null, 3], [null, 4], [null, 5], [null, 6], [null, 7], ["10\u0432", 8]], "4": [["9\u0430", 1], ["9\u0430", 2], [null, 3], [null, 4], ["10\u0432", 5], ["10\u0432", 6], ["9\u0432", 7], ["8\u0430", 8]]}, "\u041b\u0430\u0442\u044b\u043f\u043e\u0432\u0430 \u0417.\u041d.": {"0": [["8\u0430", 1], ["8\u0430", 2], ["7\u0441", 3], ["7\u0441", 4], ["7\u0430", 5], ["7\u0430", 6], ["11\u0432", 7], [null, 8]], "1": [["8\u0430", 1], ["8\u0430", 2], ["7\u0430", 3], ["7\u0430", 4], ["6\u0430", 5], ["6\u0430", 6], ["7\u0430", 7], ["9\u0432", 8]], "2": [[null, 1], [null, 2], [null, 3], [null, 4], [null, 5], [null, 6], [null, 7], [null, 8]], "3": [["6\u0430", 1], ["6\u0430", 2], ["7\u0432", 3], ["7\u0432", 4], ["6\u0432", 5], ["6\u0432", 6], [null, 7], ["9\u0430", 8]], "4": [["11\u0430", 1], ["11\u0430", 2], ["11\u0432", 3], ["11\u0432", 4], ["6\u0432", 5], ["6\u0432", 6], ["7\u0441", 7], ["11\u0430", 8]]}, "\u041a\u0430\u0440\u0438\u043c\u043e\u0432\u0430 \u0410. \u0424.": {"0": [[null, 1], [null, 2], [null, 3], [null, 4], [null, 5], [null, 6], [null, 7], [null, 8]], "1": [[null, 1], [null, 2], [null, 3], [null, 4], [null, 5], [null, 6], ["7\u0441", 7], [null, 8]], "2": [[null, 1], [null, 2], ["6\u0432", 3], ["6\u0432", 4], ["8\u0430", 5], ["8\u0430", 6], ["7\u0441", 7], [null, 8]], "3": [["7\u0430", 1], ["7\u0430", 2], [null, 3], [null, 4], ["6\u0430", 5], ["6\u0430", 6], [null, 7], [null, 8]], "4": [["11\u0432", 1], ["11\u0432", 2], ["9\u0430", 3], ["9\u0430", 4], ["7\u0432", 5], ["7\u0432", 6], [null, 7], [null, 8]]}, "\u0412\u0430\u043a\u0430\u043d\u0442 \u0444\u0438\u0437-\u0440\u0430": {"0": [[null, 1], [null, 2], [null, 3], [null, 4], [null, 5], [null, 6], [null, 7], [null, 8]], "1": [["11\u0432", 1], ["11\u0432", 2], ["8\u0430", 3], ["8\u0430", 4], ["8\u0432", 5], ["8\u0432", 6], ["9\u0430", 7], [null, 8]], "2": [[null, 1], [null, 2], [null, 3], [null, 4], [null, 5], [null, 6], [null, 7], [null, 8]], "3": [["11\u0430", 1], ["11\u0430", 2], ["8\u0432", 3], ["8\u0432", 4], ["10\u0432", 5], ["10\u0432", 6], [null, 7], [null, 8]], "4": [[null, 1], [null, 2], [null, 3], [null, 4], [null, 5], [null, 6], [null, 7], [null, 8]]}, "\u041a\u0430\u0441\u0438\u043c\u043e\u0432\u0430 \u0420.\u0420.": {"0": [["6\u0430", 1], ["6\u0430", 2], ["6\u0432", 3], ["6\u0432", 4], ["7\u0432", 5], ["7\u0432", 6], ["8\u0430", 7], ["8\u0432", 8]], "1": [[null, 1], [null, 2], [null, 3], [null, 4], [null, 5], [null, 6], [null, 7], [null, 8]], "2": [[null, 1], [null, 2], [null, 3], [null, 4], [null, 5], [null, 6], [null, 7], [null, 8]], "3": [[null, 1], [null, 2], [null, 3], [null, 4], [null, 5], [null, 6], [null, 7], [null, 8]], "4": [["7\u0430", 1], ["7\u0430", 2], [null, 3], [null, 4], [null, 5], [null, 6], ["8\u0432", 7], ["9\u0432", 8]]}, "\u0425\u0430\u043b\u0438\u0442\u043e\u0432\u0430 \u041c.\u041d.": {"0": [[null, 1], [null, 2], [null, 3], [null, 4], [null, 5], [null, 6], [null, 7], [null, 8]], "1": [[null, 1], [null, 2], [null, 3], [null, 4], [null, 5], [null, 6], [null, 7], ["8\u0430", 8]], "2": [[null, 1], [null, 2], [null, 3], [null, 4], [null, 5], [null, 6], [null, 7], [null, 8]], "3": [[null, 1], [null, 2], [null, 3], [null, 4], [null, 5], [null, 6], [null, 7], ["8\u0432", 8]], "4": [["6\u0432", 1], ["6\u0432", 2], ["6\u0430", 3], ["6\u0430", 4], [null, 5], [null, 6], [null, 7], [null, 8]]}}}
